insert into article_author values ('A pox most foul','Smith','WS','KCL','wsmith@gmail.com');
insert into article_author values ('Fever and egu','Western','SW','BBK','swestern@gmail.com');
insert into article_author values ('Monogenic diseases','Dante','DS','Oxford University','dante@gmail.com');
insert into article_author values ('Niddhogg parasite','Virgil','VS','HEL','virgil@gmail.com');
insert into article_author values ('Multigenic diseases','Virgil','VS','HEL','virgil@gmail.com');
insert into article_author values ('Beowolfs arthritis','Virgil','VS','Oxford University','virgil@gmail.com');

insert into journal_article values ('Niddhogg parasite','Farmers Digest','335','24','35','1999-02-01');
insert into journal_article values ('Beowolfs arthritis','Nature','293','24','35','1999-02-01');
insert into journal_article values ('Monogenic diseases','Nature','349','24','35','1999-02-01');
insert into journal_article values ('Multigenic diseases','Science','213','16','74','1989-02-05');
insert into journal_article values ('Fever and egu','Nature',,'335','24','35','1999-02-01');
insert into journal_article values ('A pox most foul','Science','335','24','35','1999-02-01');



insert into protein_structure values ('Beowolfs arthritis','2i8e','HCE2','1.3','1996-04-22');
insert into protein_structure values ('Niddhogg parasite','1tim','protein-ligand complex HCDS2','1.1','1999-09-01');
insert into protein_structure values ('Multigenic diseases','2d8n','phosphoprotein','1.7','1988-03-04');
insert into protein_structure values ('Fever and egu','3d7n','nuceloprotein','1.4','1988-03-04');
insert into protein_structure values ('A pox most foul','4d6n','fusion protein','1.5','1988-03-04');
insert into protein_structure values ('Monogenic diseases','5d5n','matrix protein','1.2','1988-03-04');